Job Title,Company,Link,Rating
Data Analyst,Apple,https://jobs.apple.com/en-us/search?search=Data%20Analyst,4.5
Business Intelligence Analyst,Airbnb,https://www.airbnb.com/careers/jobsBusiness%20Intelligence%20Analyst,4.5
Data Scientist,Apple,https://jobs.apple.com/en-us/search?search=Data%20Scientist,4.8
Financial Data Analyst,Salesforce,https://www.salesforce.com/company/careers/Financial%20Data%20Analyst,4.8
Machine Learning Analyst,Twitter,https://careers.twitter.com/en/jobs.htmlMachine%20Learning%20Analyst,4.5
SQL Data Analyst,JP Morgan,https://careers.jpmorgan.com/us/en/homeSQL%20Data%20Analyst,4.6
Marketing Data Analyst,Google,https://careers.google.com/jobs/results/?q=Marketing%20Data%20Analyst,4.6
Healthcare Data Analyst,Apple,https://jobs.apple.com/en-us/search?search=Healthcare%20Data%20Analyst,4.8
Risk Data Analyst,Uber,https://www.uber.com/careersRisk%20Data%20Analyst,4.8
Product Data Analyst,Spotify,https://www.spotifyjobs.com/Product%20Data%20Analyst,4.6
Data Analyst,Adobe,https://adobe.wd5.myworkdayjobs.com/en-US/external_experiencedData%20Analyst,4.7
Business Intelligence Analyst,LinkedIn,https://www.linkedin.com/careersBusiness%20Intelligence%20Analyst,4.7
Data Scientist,Apple,https://jobs.apple.com/en-us/search?search=Data%20Scientist,4.8
Financial Data Analyst,Google,https://careers.google.com/jobs/results/?q=Financial%20Data%20Analyst,4.6
Machine Learning Analyst,Airbnb,https://www.airbnb.com/careers/jobsMachine%20Learning%20Analyst,4.9
SQL Data Analyst,Spotify,https://www.spotifyjobs.com/SQL%20Data%20Analyst,4.5
Marketing Data Analyst,Salesforce,https://www.salesforce.com/company/careers/Marketing%20Data%20Analyst,4.8
Healthcare Data Analyst,Apple,https://jobs.apple.com/en-us/search?search=Healthcare%20Data%20Analyst,4.6
Risk Data Analyst,Salesforce,https://www.salesforce.com/company/careers/Risk%20Data%20Analyst,4.6
Product Data Analyst,Amazon,https://www.amazon.jobs/en/search?base_query=Product%20Data%20Analyst,4.6
Data Analyst,Salesforce,https://www.salesforce.com/company/careers/Data%20Analyst,4.9
Business Intelligence Analyst,Uber,https://www.uber.com/careersBusiness%20Intelligence%20Analyst,4.6
Data Scientist,Google,https://careers.google.com/jobs/results/?q=Data%20Scientist,4.7
Financial Data Analyst,Oracle,https://www.oracle.com/corporate/careers/Financial%20Data%20Analyst,4.8
Machine Learning Analyst,Spotify,https://www.spotifyjobs.com/Machine%20Learning%20Analyst,4.6
SQL Data Analyst,IBM,https://www.ibm.com/careersSQL%20Data%20Analyst,4.7
Marketing Data Analyst,JP Morgan,https://careers.jpmorgan.com/us/en/homeMarketing%20Data%20Analyst,4.5
Healthcare Data Analyst,Amazon,https://www.amazon.jobs/en/search?base_query=Healthcare%20Data%20Analyst,4.9
Risk Data Analyst,Uber,https://www.uber.com/careersRisk%20Data%20Analyst,4.8
Product Data Analyst,Facebook,https://www.metacareers.com/jobsProduct%20Data%20Analyst,4.8
Data Analyst,SAP,https://jobs.sap.com/Data%20Analyst,4.7
Business Intelligence Analyst,Tesla,https://www.tesla.com/careers/search/?query=Business%20Intelligence%20Analyst,4.8
Data Scientist,Adobe,https://adobe.wd5.myworkdayjobs.com/en-US/external_experiencedData%20Scientist,4.7
Financial Data Analyst,SAP,https://jobs.sap.com/Financial%20Data%20Analyst,4.7
Machine Learning Analyst,Airbnb,https://www.airbnb.com/careers/jobsMachine%20Learning%20Analyst,4.8
SQL Data Analyst,Oracle,https://www.oracle.com/corporate/careers/SQL%20Data%20Analyst,4.5
Marketing Data Analyst,Microsoft,https://careers.microsoft.com/professionals/us/en/jobsearchMarketing%20Data%20Analyst,4.5
Healthcare Data Analyst,LinkedIn,https://www.linkedin.com/careersHealthcare%20Data%20Analyst,4.7
Risk Data Analyst,Airbnb,https://www.airbnb.com/careers/jobsRisk%20Data%20Analyst,4.7
Product Data Analyst,Adobe,https://adobe.wd5.myworkdayjobs.com/en-US/external_experiencedProduct%20Data%20Analyst,4.8
Data Analyst,Oracle,https://www.oracle.com/corporate/careers/Data%20Analyst,4.8
Business Intelligence Analyst,Adobe,https://adobe.wd5.myworkdayjobs.com/en-US/external_experiencedBusiness%20Intelligence%20Analyst,4.6
Data Scientist,Tesla,https://www.tesla.com/careers/search/?query=Data%20Scientist,4.9
Financial Data Analyst,Oracle,https://www.oracle.com/corporate/careers/Financial%20Data%20Analyst,4.6
Machine Learning Analyst,Apple,https://jobs.apple.com/en-us/search?search=Machine%20Learning%20Analyst,4.6
SQL Data Analyst,LinkedIn,https://www.linkedin.com/careersSQL%20Data%20Analyst,4.6
Marketing Data Analyst,JP Morgan,https://careers.jpmorgan.com/us/en/homeMarketing%20Data%20Analyst,4.6
Healthcare Data Analyst,Microsoft,https://careers.microsoft.com/professionals/us/en/jobsearchHealthcare%20Data%20Analyst,4.9
Risk Data Analyst,JP Morgan,https://careers.jpmorgan.com/us/en/homeRisk%20Data%20Analyst,4.7
Product Data Analyst,Apple,https://jobs.apple.com/en-us/search?search=Product%20Data%20Analyst,4.6
Data Analyst,Microsoft,https://careers.microsoft.com/professionals/us/en/jobsearch?query=Data%20Analyst,4.7
Business Intelligence Analyst,Facebook,https://www.metacareers.com/jobs?query=Business%20Intelligence%20Analyst,4.6
Data Scientist,Amazon,https://www.amazon.jobs/en/search?query=Data%20Scientist,4.8
Financial Data Analyst,Netflix,https://jobs.netflix.com/search?q=Financial%20Data%20Analyst,4.7
Machine Learning Analyst,Google,https://careers.google.com/jobs/results/?q=Machine%20Learning%20Analyst,4.8
SQL Data Analyst,Apple,https://jobs.apple.com/en-us/search?search=SQL%20Data%20Analyst,4.5
Marketing Data Analyst,Spotify,https://www.spotifyjobs.com/search?query=Marketing%20Data%20Analyst,4.6
Healthcare Data Analyst,Tesla,https://www.tesla.com/careers/search/?query=Healthcare%20Data%20Analyst,4.7
Risk Data Analyst,IBM,https://www.ibm.com/careers/search?query=Risk%20Data%20Analyst,4.7
Product Data Analyst,Adobe,https://adobe.wd5.myworkdayjobs.com/en-US/external_experienced/search?query=Product%20Data%20Analyst,4.6
Data Analyst,Samsung,https://www.samsung.com/us/careers/search?query=Data%20Analyst,4.7
Business Intelligence Analyst,Dell,https://jobs.dell.com/search?query=Business%20Intelligence%20Analyst,4.6
Data Scientist,NVIDIA,https://nvidia.wd5.myworkdayjobs.com/en-US/NVIDIAExternalCareerSite/search?query=Data%20Scientist,4.9
Financial Data Analyst,Intel,https://www.intel.com/content/www/us/en/jobs/search.html?query=Financial%20Data%20Analyst,4.6
Machine Learning Analyst,Oracle,https://www.oracle.com/corporate/careers/search?query=Machine%20Learning%20Analyst,4.7
SQL Data Analyst,Amazon,https://www.amazon.jobs/en/search?query=SQL%20Data%20Analyst,4.5
Marketing Data Analyst,Cisco,https://jobs.cisco.com/search?query=Marketing%20Data%20Analyst,4.6
Healthcare Data Analyst,Intel,https://www.intel.com/content/www/us/en/jobs/search.html?query=Healthcare%20Data%20Analyst,4.7
Risk Data Analyst,Netflix,https://jobs.netflix.com/search?q=Risk%20Data%20Analyst,4.8
Product Data Analyst,SAP,https://jobs.sap.com/search?query=Product%20Data%20Analyst,4.7
Data Analyst,IBM,https://www.ibm.com/careers/search?query=Data%20Analyst,4.8
Business Intelligence Analyst,Facebook,https://www.metacareers.com/jobs?query=Business%20Intelligence%20Analyst,4.6
Data Scientist,Airbnb,https://www.airbnb.com/careers/jobs?query=Data%20Scientist,4.8
Financial Data Analyst,Microsoft,https://careers.microsoft.com/professionals/us/en/jobsearch?query=Financial%20Data%20Analyst,4.9
Machine Learning Analyst,Dell,https://jobs.dell.com/search?query=Machine%20Learning%20Analyst,4.7
SQL Data Analyst,Google,https://careers.google.com/jobs/results/?q=SQL%20Data%20Analyst,4.5
Marketing Data Analyst,Adobe,https://adobe.wd5.myworkdayjobs.com/en-US/external_experienced/search?query=Marketing%20Data%20Analyst,4.6
Healthcare Data Analyst,Facebook,https://www.metacareers.com/jobs?query=Healthcare%20Data%20Analyst,4.9
Risk Data Analyst,Spotify,https://www.spotifyjobs.com/search?query=Risk%20Data%20Analyst,4.7
Product Data Analyst,Intel,https://www.intel.com/content/www/us/en/jobs/search.html?query=Product%20Data%20Analyst,4.6
Data Analyst,Uber,https://www.uber.com/careers/search?query=Data%20Analyst,4.7
Business Intelligence Analyst,LinkedIn,https://www.linkedin.com/careers/search?query=Business%20Intelligence%20Analyst,4.8
Data Scientist,Netflix,https://jobs.netflix.com/search?q=Data%20Scientist,4.7
Financial Data Analyst,Tesla,https://www.tesla.com/careers/search/?query=Financial%20Data%20Analyst,4.8
Machine Learning Analyst,SAP,https://jobs.sap.com/search?query=Machine%20Learning%20Analyst,4.6
SQL Data Analyst,NVIDIA,https://nvidia.wd5.myworkdayjobs.com/en-US/NVIDIAExternalCareerSite/search?query=SQL%20Data%20Analyst,4.7
Marketing Data Analyst,Amazon,https://www.amazon.jobs/en/search?query=Marketing%20Data%20Analyst,4.9
Healthcare Data Analyst,Microsoft,https://careers.microsoft.com/professionals/us/en/jobsearch?query=Healthcare%20Data%20Analyst,4.6
Risk Data Analyst,Airbnb,https://www.airbnb.com/careers/jobs?query=Risk%20Data%20Analyst,4.7
Product Data Analyst,JP Morgan,https://careers.jpmorgan.com/us/en/home?query=Product%20Data%20Analyst,4.8
Data Analyst,Cisco,https://jobs.cisco.com/search?query=Data%20Analyst,4.7
Business Intelligence Analyst,Oracle,https://www.oracle.com/corporate/careers/search?query=Business%20Intelligence%20Analyst,4.6
Data Scientist,IBM,https://www.ibm.com/careers/search?query=Data%20Scientist,4.8
Financial Data Analyst,Adobe,https://adobe.wd5.myworkdayjobs.com/en-US/external_experienced/search?query=Financial%20Data%20Analyst,4.9
Machine Learning Analyst,Intel,https://www.intel.com/content/www/us/en/jobs/search.html?query=Machine%20Learning%20Analyst,4.7
SQL Data Analyst,Microsoft,https://careers.microsoft.com/professionals/us/en/jobsearch?query=SQL%20Data%20Analyst,4.5
Marketing Data Analyst,LinkedIn,https://www.linkedin.com/careers/search?query=Marketing%20Data%20Analyst,4.6
Healthcare Data Analyst,Dell,https://jobs.dell.com/search?query=Healthcare%20Data%20Analyst,4.7
Risk Data Analyst,Google,https://careers.google.com/jobs/results/?q=Risk%20Data%20Analyst,4.8
Product Data Analyst,Facebook,https://www.metacareers.com/jobs?query=Product%20Data%20Analyst,4.6
Software Engineer,Google,https://careers.google.com/jobs/results/?q=Software%20Engineer,4.8
Frontend Developer,Amazon,https://www.amazon.jobs/en/search?query=Frontend%20Developer,4.7
Backend Developer,Microsoft,https://careers.microsoft.com/professionals/us/en/jobsearch?query=Backend%20Developer,4.6
Full Stack Developer,Facebook,https://www.metacareers.com/jobs?query=Full%20Stack%20Developer,4.7
Cybersecurity Analyst,IBM,https://www.ibm.com/careers/search?query=Cybersecurity%20Analyst,4.9
Cloud Engineer,Oracle,https://www.oracle.com/corporate/careers/search?query=Cloud%20Engineer,4.8
DevOps Engineer,Netflix,https://jobs.netflix.com/search?q=DevOps%20Engineer,4.6
AI Engineer,Apple,https://jobs.apple.com/en-us/search?search=AI%20Engineer,4.9
Mobile App Developer,Tesla,https://www.tesla.com/careers/search/?query=Mobile%20App%20Developer,4.7
Embedded Systems Engineer,NVIDIA,https://nvidia.wd5.myworkdayjobs.com/en-US/NVIDIAExternalCareerSite/search?query=Embedded%20Systems%20Engineer,4.8
Game Developer,Ubisoft,https://www.ubisoft.com/careers/search?query=Game%20Developer,4.7
IT Support Specialist,Google,https://careers.google.com/jobs/results/?q=IT%20Support%20Specialist,4.6
Cloud Solutions Architect,Amazon,https://www.amazon.jobs/en/search?query=Cloud%20Solutions%20Architect,4.9
UI/UX Designer,Adobe,https://adobe.wd5.myworkdayjobs.com/en-US/external_experienced/search?query=UI/UX%20Designer,4.7
Network Administrator,Cisco,https://jobs.cisco.com/search?query=Network%20Administrator,4.6
Blockchain Developer,IBM,https://www.ibm.com/careers/search?query=Blockchain%20Developer,4.8
AI Research Scientist,DeepMind,https://deepmind.com/careers/jobs?query=AI%20Research%20Scientist,4.9
Robotics Engineer,Boston Dynamics,https://www.bostondynamics.com/careers/search?query=Robotics%20Engineer,4.8
Software Test Engineer,Intel,https://www.intel.com/content/www/us/en/jobs/search.html?query=Software%20Test%20Engineer,4.7
AR/VR Developer,Meta,https://www.metacareers.com/jobs?query=AR/VR%20Developer,4.6
Machine Learning Engineer,Apple,https://jobs.apple.com/en-us/search?search=Machine%20Learning%20Engineer,4.9
IoT Engineer,Microsoft,https://careers.microsoft.com/professionals/us/en/jobsearch?query=IoT%20Engineer,4.7
Site Reliability Engineer,Google,https://careers.google.com/jobs/results/?q=Site%20Reliability%20Engineer,4.8
Security Engineer,Amazon,https://www.amazon.jobs/en/search?query=Security%20Engineer,4.7
Business Analyst,JP Morgan,https://careers.jpmorgan.com/us/en/home?query=Business%20Analyst,4.6
Product Manager,LinkedIn,https://www.linkedin.com/careers/search?query=Product%20Manager,4.8
Scrum Master,Tesla,https://www.tesla.com/careers/search/?query=Scrum%20Master,4.7
Software Architect,IBM,https://www.ibm.com/careers/search?query=Software%20Architect,4.9
Quality Assurance Engineer,Adobe,https://adobe.wd5.myworkdayjobs.com/en-US/external_experienced/search?query=Quality%20Assurance%20Engineer,4.6
Cloud Security Engineer,Cisco,https://jobs.cisco.com/search?query=Cloud%20Security%20Engineer,4.8
IT Project Manager,Oracle,https://www.oracle.com/corporate/careers/search?query=IT%20Project%20Manager,4.7
SEO Specialist,Google,https://careers.google.com/jobs/results/?q=SEO%20Specialist,4.6
Digital Marketing Manager,Amazon,https://www.amazon.jobs/en/search?query=Digital%20Marketing%20Manager,4.8
Data Privacy Consultant,Facebook,https://www.metacareers.com/jobs?query=Data%20Privacy%20Consultant,4.9
Technical Support Engineer,Microsoft,https://careers.microsoft.com/professionals/us/en/jobsearch?query=Technical%20Support%20Engineer,4.7
AI Ethics Researcher,DeepMind,https://deepmind.com/careers/jobs?query=AI%20Ethics%20Researcher,4.9
Big Data Engineer,IBM,https://www.ibm.com/careers/search?query=Big%20Data%20Engineer,4.8
Software Development Manager,Amazon,https://www.amazon.jobs/en/search?query=Software%20Development%20Manager,4.6
Marketing Automation Specialist,Salesforce,https://www.salesforce.com/company/careers?query=Marketing%20Automation%20Specialist,4.7
Data Governance Analyst,Oracle,https://www.oracle.com/corporate/careers/search?query=Data%20Governance%20Analyst,4.8
Penetration Tester,Google,https://careers.google.com/jobs/results/?q=Penetration%20Tester,4.9
Supply Chain Analyst,Tesla,https://www.tesla.com/careers/search/?query=Supply%20Chain%20Analyst,4.7
Cloud DevOps Engineer,Microsoft,https://careers.microsoft.com/professionals/us/en/jobsearch?query=Cloud%20DevOps%20Engineer,4.6
Technical Writer,Adobe,https://adobe.wd5.myworkdayjobs.com/en-US/external_experienced/search?query=Technical%20Writer,4.8
Customer Success Manager,Salesforce,https://www.salesforce.com/company/careers?query=Customer%20Success%20Manager,4.7
IT Risk Analyst,JP Morgan,https://careers.jpmorgan.com/us/en/home?query=IT%20Risk%20Analyst,4.6
Machine Vision Engineer,NVIDIA,https://nvidia.wd5.myworkdayjobs.com/en-US/NVIDIAExternalCareerSite/search?query=Machine%20Vision%20Engineer,4.8
E-commerce Analyst,Amazon,https://www.amazon.jobs/en/search?query=E-commerce%20Analyst,4.9

